breed,url,popularity,hypoallergenic,intelligence_rating,puppy_price,lifespan,characteristics
Boston Terrier,https://www.dogbreedslist.info//all-dog-breeds/boston-terrier.html,#21,No,54,Prices: $1000 - $2000,Lifespan: 12-15 years,"['Friendly', 'Lively', 'Playful', 'Affectionate']"
Bernese Mountain Dog,https://www.dogbreedslist.info//all-dog-breeds/bernese-mountain-dog.html,#22,No,22,Prices: $1500 - $3000,Lifespan: 7-10 years,"['Intelligent', 'Loyal', 'Faithful', 'Playful']"
Pomeranian,https://www.dogbreedslist.info//all-dog-breeds/pomeranian.html,#23,No,23,Prices: $1500 - $3000,Lifespan: 12-16 years,"['Intelligent', 'Sociable', 'Friendly', 'Companionable']"
Havanese,https://www.dogbreedslist.info//all-dog-breeds/havanese.html,#24,Yes,45,Prices: $1500 - $2500,Lifespan: 14-16 years,"['Responsive', 'Playful', 'Affectionate', 'Quiet']"
Cane Corso,https://www.dogbreedslist.info//all-dog-breeds/cane-corso-italiano.html,#25,No,-,Prices: $1500 - $2500,Lifespan: 10-11 years,"['Even Tempered', 'Calm', 'Reserved', 'Attentive']"
English Springer Spaniel,https://www.dogbreedslist.info//all-dog-breeds/english-springer-spaniel.html,#26,No,13,Prices: $800 - $1800,Lifespan: 10-14 years,"['Intelligent', 'Active', 'Cheerful', 'Playful']"
Shetland Sheepdog,https://www.dogbreedslist.info//all-dog-breeds/shetland-sheepdog.html,#27,No,6,Prices: $1000 - $2000,Lifespan: 12-14 years,"['Gentle', 'Intelligent', 'Lively', 'Happy']"
Brittany,https://www.dogbreedslist.info//all-dog-breeds/french-brittany.html,#28,No,19,Prices: $700 - $1100,Lifespan: 12-15 years,"['Intelligent', 'Agile', 'Quick', 'Playful']"
Pug,https://www.dogbreedslist.info//all-dog-breeds/pug.html,#29,No,57,Prices: $800 - $1500,Lifespan: 12-15 years,"['Stubborn', 'Attentive', 'Sociable', 'Outgoing']"
American Cocker Spaniel,https://www.dogbreedslist.info//all-dog-breeds/american-cocker-spaniel.html,#30,No,20,Prices: $1000 - $2000,Lifespan: 12-15 years,"['Sociable', 'Even Tempered', 'Trusting', 'Energetic']"
Miniature American Shepherd,https://www.dogbreedslist.info//all-dog-breeds/miniature-american-shepherd.html,#31,-,-,Prices: $800 - $1500,Lifespan: 13-15 years,"['Intelligent', 'Loyal', 'Intelligent', 'Energetic']"
Border Collie,https://www.dogbreedslist.info//all-dog-breeds/border-collie.html,#32,No,1,Prices: $800 - $1500,Lifespan: 12-15 years,"['Tenacious', 'Responsive', 'Dignified', 'Affectionate']"
Mastiff,https://www.dogbreedslist.info//all-dog-breeds/english-mastiff.html,#33,No,72,Prices: $1000 - $2000,Lifespan: 10-12 years,"['Good-natured', 'Courageous', 'Devoted', 'Quick']"
Chihuahua,https://www.dogbreedslist.info//all-dog-breeds/chihuahua.html,#34,No,67,Prices: $800 - $2500,Lifespan: 14-18 years,"['Courageous', 'Lively', 'Intelligent', 'Loyal']"
Vizsla,https://www.dogbreedslist.info//all-dog-breeds/vizsla.html,#35,No,25,Prices: $1000 - $1800,Lifespan: 10-14 years,"['Affectionate', 'Energetic', 'Gentle', 'Friendly']"
Basset Hound,https://www.dogbreedslist.info//all-dog-breeds/basset-hound.html,#36,No,71,Prices: $800 - $1500,Lifespan: 10-12 years,"['Devoted', 'Sweet-Tempered', 'Stubborn', 'Confident']"
Belgian Malinois,https://www.dogbreedslist.info//all-dog-breeds/belgian-shepherd-malinois.html,#37,No,22,Prices: $1000 - $1800,Lifespan: 12-14 years,"['Protective', 'Watchful', 'Playful', 'Gentle']"
Maltese,https://www.dogbreedslist.info//all-dog-breeds/maltese-dog.html,#38,Yes,59,Prices: $1500 - $2500,Lifespan: 15-18 years,"['Lively', 'Docile', 'Energetic', 'Stubborn']"
Weimaraner,https://www.dogbreedslist.info//all-dog-breeds/weimaraner.html,#39,No,21,Prices: $700 - $1500,Lifespan: 10-12 years,"['Fast', 'Intelligent', 'Gentle', 'Loyal']"
Collie,https://www.dogbreedslist.info//all-dog-breeds/rough-collie.html,#40,No,16,Prices: $1200 - $1800,Lifespan: 14-16 years,"['Intelligent', 'Protective', 'Gentle', 'Trainable']"
Newfoundland,https://www.dogbreedslist.info//all-dog-breeds/newfoundland.html,#41,No,34,Prices: $1700 - $2500,Lifespan: 9-12 years,"['Sweet-Tempered', 'Dignified', 'Sensitive', 'Mischievous']"
Rhodesian Ridgeback,https://www.dogbreedslist.info//all-dog-breeds/rhodesian-ridgeback.html,#42,No,52,Prices: $1000 - $2000,Lifespan: 10-12 years,"['Strong Willed', 'Charming', 'Confident', 'Fearless']"
Shiba Inu,https://www.dogbreedslist.info//all-dog-breeds/shiba-inu.html,#43,No,49,Prices: $1500 - $2500,Lifespan: 12-15 years,"['Keen', 'Hardy', 'Friendly', 'Independent']"
West Highland White Terrier,https://www.dogbreedslist.info//all-dog-breeds/west-highland-white-terrier.html,#44,Yes,47,Prices: $1500 - $3000,Lifespan: 12-16 years,"['Courageous', 'Playful', 'Gentle', 'Sensitive']"
Bichon Frise,https://www.dogbreedslist.info//all-dog-breeds/bichon-frise.html,#45,Yes,45,Prices: $1000 - $2000,Lifespan: 12-15 years,"['Cheerful', 'Stubborn', 'Affectionate', 'Gentle']"
Bloodhound,https://www.dogbreedslist.info//all-dog-breeds/bloodhound.html,#46,No,74,Prices: $700 - $1200,Lifespan: 10-12 years,"['Even Tempered', 'Playful', 'Faithful', 'Friendly']"
English Cocker Spaniel,https://www.dogbreedslist.info//all-dog-breeds/english-cocker-spaniel.html,#47,No,18,Prices: $1000 - $1800,Lifespan: 12-14 years,"['Quiet', 'Dignified', 'Friendly', 'Courageous']"
Akita,https://www.dogbreedslist.info//all-dog-breeds/american-akita.html,#48,No,54,Prices: $1000 - $2500,Lifespan: 10-14 years,"['Docile', 'Brave', 'Quarrelsome', 'Docile']"
Portuguese Water Dog,https://www.dogbreedslist.info//all-dog-breeds/portuguese-water-dog.html,#49,Yes,29,Prices: $2000 - $3000,Lifespan: 10-14 years,"['Impetuous', 'Happy', 'Affectionate', 'Intelligent']"
Chesapeake Bay Retriever,https://www.dogbreedslist.info//all-dog-breeds/chesapeake-bay-retriever.html,#50,No,27,Prices: $800 - $1500,Lifespan: 10-13 years,"['Quiet', 'Intelligent', 'Outgoing', 'Friendly']"
Dalmatian,https://www.dogbreedslist.info//all-dog-breeds/dalmatian.html,#51,No,39,Prices: $1000 - $1600,Lifespan: 12-14 years,"['Energetic', 'Friendly', 'Lively', 'Watchful']"
St. Bernard,https://www.dogbreedslist.info//all-dog-breeds/st-bernard.html,#52,No,65,Prices: $1000 - $2000,Lifespan: 8-10 years,"['Gentle', 'Friendly', 'Energetic', 'Happy']"
Papillon,https://www.dogbreedslist.info//all-dog-breeds/papillon-dog.html,#53,No,8,Prices: $1000 - $2000,Lifespan: 13-16 years,"['Intelligent', 'Intelligent', 'Loyal', 'Energetic']"
Australian Cattle Dog,https://www.dogbreedslist.info//all-dog-breeds/australian-cattle-dog.html,#54,No,10,Prices: $400 - $1000,Lifespan: 12-15 years,"['Protective', 'Courageous', 'Docile', 'Loyal']"
Bullmastiff,https://www.dogbreedslist.info//all-dog-breeds/bullmastiff.html,#55,No,69,Prices: $1500 - $2500,Lifespan: 8-10 years,"['Powerful', 'Lively', 'Sociable', 'Friendly']"
Samoyed,https://www.dogbreedslist.info//all-dog-breeds/samoyed.html,#56,Yes,33,Prices: $1500 - $3000,Lifespan: 12-14 years,"['Playful', 'Quick', 'Independent', 'Self-assured']"
Scottish Terrier,https://www.dogbreedslist.info//all-dog-breeds/scottish-terrier.html,#57,Yes,65,Prices: $1400 - $2000,Lifespan: 11-13 years,"['Playful', 'Spirited', 'Faithful', 'Energetic']"
Soft Coated Wheaten Terrier,https://www.dogbreedslist.info//all-dog-breeds/soft-coated-wheaten-terrier.html,#58,Yes,40,Prices: $1800 - $3000,Lifespan: 12-15 years,"['Intelligent', 'Gentle', 'Affectionate', 'Intelligent']"
Whippet,https://www.dogbreedslist.info//all-dog-breeds/whippet.html,#59,No,51,Prices: $2000 - $2500,Lifespan: 12-15 years,"['Lively', 'Willful', 'Intelligent', 'Affectionate']"
German Wirehaired Pointer,https://www.dogbreedslist.info//all-dog-breeds/german-wirehaired-pointer.html,#60,No,44,Prices: $800 - $1200,Lifespan: 12-14 years,"['Active', 'Independent', 'Reserved', 'Suspicious']"
Shar-Pei,https://www.dogbreedslist.info//all-dog-breeds/shar-pei.html,#61,No,51,Prices: $1000 - $1500,Lifespan: 9-11 years,"['Devoted', 'Intelligent', 'Outgoing', 'Courageous']"
Airedale Terrier,https://www.dogbreedslist.info//all-dog-breeds/airedale-terrier.html,#62,Yes,29,Prices: $800 - $1500,Lifespan: 10-13 years,"['Confident', 'Loyal', 'Trainable', 'Gentle']"
Wirehaired Pointing Griffon,https://www.dogbreedslist.info//all-dog-breeds/wirehaired-pointing-griffon.html,#63,Yes,46,Prices: $1000 - $2000,Lifespan: 12-14 years,"['Vigilant', 'Sweet-Tempered', 'Keen', 'Protective']"
Bull Terrier,https://www.dogbreedslist.info//all-dog-breeds/bull-terrier.html,#64,No,66,Prices: $1200 - $2000,Lifespan: 10-12 years,"['Trainable', 'Dignified', 'Playful', 'Friendly']"
Alaskan Malamute,https://www.dogbreedslist.info//all-dog-breeds/alaskan-malamute.html,#65,No,50,Prices: $1200 - $2000,Lifespan: 12-15 years,"['Devoted', 'Intelligent', 'Alert', 'Devoted']"
Cardigan Welsh Corgi,https://www.dogbreedslist.info//all-dog-breeds/cardigan-welsh-corgi.html,#66,No,26,Prices: $1200 - $2200,Lifespan: 12-15 years,"['Companionable', 'Kind', 'Strong Willed', 'Powerful']"
Giant Schnauzer,https://www.dogbreedslist.info//all-dog-breeds/giant-schnauzer.html,#67,Yes,28,Prices: $2000 - $3000,Lifespan: 10-12 years,"['Intelligent', 'Bubbly', 'Intelligent', 'Adaptable']"
Old English Sheepdog,https://www.dogbreedslist.info//all-dog-breeds/old-english-sheepdog.html,#68,No,63,Prices: $1800 - $3000,Lifespan: 10-12 years,"['Loving', 'Intelligent', 'Agile', 'Athletic']"
Italian Greyhound,https://www.dogbreedslist.info//all-dog-breeds/italian-greyhound.html,#69,Yes,60,Prices: $1400 - $2000,Lifespan: 12-15 years,"['Companionable', 'Patient', 'Affectionate', 'Confident']"
Great Pyrenees,https://www.dogbreedslist.info//all-dog-breeds/great-pyrenees.html,#70,No,64,Prices: $800 - $1500,Lifespan: 10-12 years,"['Strong Willed', 'Devoted', 'Courageous', 'Companionable']"
Dogue de Bordeaux,https://www.dogbreedslist.info//all-dog-breeds/dogue-de-bordeaux.html,#71,No,-,Prices: $1800 - $2500,Lifespan: 10-12 years,"['Vigilant', 'Vocal', 'Stubborn', 'Athletic']"
Jack Russell Terrier,https://www.dogbreedslist.info//all-dog-breeds/jack-russell-terrier.html,#72,No,46,Prices: $800 - $1500,Lifespan: 13-16 years,"['Energetic', 'Intelligent', 'Fearless', 'Hardy']"
Cairn Terrier,https://www.dogbreedslist.info//all-dog-breeds/cairn-terrier.html,#73,Yes,35,Prices: $1200 - $2000,Lifespan: 12-15 years,"['Assertive', 'Dignified', 'Generous', 'Loyal']"
Irish Wolfhound,https://www.dogbreedslist.info//all-dog-breeds/irish-wolfhound.html,#74,No,41,Prices: $1500 - $2500,Lifespan: 6-10 years,"['Patient', 'Intelligent', 'Lively', 'Playful']"
Irish Setter,https://www.dogbreedslist.info//all-dog-breeds/irish-setter.html,#75,No,35,Prices: $1200 - $2500,Lifespan: 12-14 years,"['Companionable', 'Protective', 'Self-Confident', 'Devoted']"
Greater Swiss Mountain Dog,https://www.dogbreedslist.info//all-dog-breeds/greater-swiss-mountain-dog.html,#76,No,-,Prices: $1200 - $2800,Lifespan: 10-12 years,"['Good-natured', 'Playful', 'Outgoing', 'Energetic']"
Miniature Pinscher,https://www.dogbreedslist.info//all-dog-breeds/miniature-pinscher.html,#77,No,37,Prices: $1000 - $2000,Lifespan: 12-15 years,"['Responsive', 'Energetic', 'Playful', 'Intelligent']"
Lhasa Apso,https://www.dogbreedslist.info//all-dog-breeds/lhasa-apso.html,#78,No,68,Prices: $1500 - $2500,Lifespan: 12-15 years,"['Friendly', 'Happy', 'Playful', 'Affectionate']"
Chinese Crested,https://www.dogbreedslist.info//all-dog-breeds/chinese-crested.html,#79,Yes,61,Prices: $1000 - $2000,Lifespan: 12-14 years,"['Sweet-Tempered', 'Playful', 'Affectionate', 'Lively']"
Coton De Tulear,https://www.dogbreedslist.info//all-dog-breeds/coton-de-tulear.html,#80,Yes,60,Prices: $1500 - $2500,Lifespan: 14-16 years,"['Trainable', 'Reliable', 'Courageous', 'Affectionate']"
Staffordshire Bull Terrier,https://www.dogbreedslist.info//all-dog-breeds/staffordshire-bull-terrier.html,#81,No,49,Prices: $1500 - $2500,Lifespan: 12-14 years,"['Intelligent', 'Friendly', 'Devoted', 'Courageous']"
American Staffordshire Terrier,https://www.dogbreedslist.info//all-dog-breeds/american-staffordshire-terrier.html,#82,No,34,Prices: $1500 - $2500,Lifespan: 12-14 years,"['Loyal', 'Loving', 'Alert', 'Lively']"
Rat Terrier,https://www.dogbreedslist.info//all-dog-breeds/rat-terrier.html,#83,No,-,Prices: $600 - $1200,Lifespan: 15-18 years,"['Inquisitive', 'Aloof', 'Independent', 'Loyal']"
Chow Chow,https://www.dogbreedslist.info//all-dog-breeds/chow-chow.html,#84,No,76,Prices: $1200 - $2000,Lifespan: 13-15 years,"['Quiet', 'Independent', 'Steady', 'Confident']"
Anatolian Shepherd Dog,https://www.dogbreedslist.info//all-dog-breeds/anatolian-shepherd-dog.html,#85,No,-,Prices: $800 - $1200,Lifespan: 10-13 years,"['Proud', 'Curious', 'Affectionate', 'Intelligent']"
Basenji,https://www.dogbreedslist.info//all-dog-breeds/basenji.html,#86,No,78,Prices: $1500 - $2000,Lifespan: 12-15 years,"['Alert', 'Friendly', 'Energetic', 'Companionable']"
Boykin Spaniel,https://www.dogbreedslist.info//all-dog-breeds/boykin-spaniel.html,#87,No,-,Prices: $700 - $1200,Lifespan: 14-16 years,"['Trainable', 'Loving', 'Loyal', 'Companionable']"
Lagotto Romagnolo,https://www.dogbreedslist.info//all-dog-breeds/lagotto-romagnolo.html,#88,Yes,-,Prices: $3000 - $5000,Lifespan: 14-16 years,"['Trainable', 'Companionable', 'Sensitive', 'Watchful']"
Brussels Griffon,https://www.dogbreedslist.info//all-dog-breeds/brussels-griffon.html,#89,Yes,-,Prices: $1800 - $2800,Lifespan: 12-15 years,"['Inquisitive', 'Outgoing', 'Loving', 'Alert']"
Nova Scotia Duck Tolling Retriever,https://www.dogbreedslist.info//all-dog-breeds/tolling-retriever.html,#90,No,-,Prices: $1500 - $2500,Lifespan: 12-14 years,"['Patient', 'Strong Willed', 'Hardy', 'Intelligent']"
Norwegian Elkhound,https://www.dogbreedslist.info//all-dog-breeds/norwegian-elkhound.html,#91,No,36,Prices: $700 - $1500,Lifespan: 10-12 years,"['Playful', 'Lively', 'Trainable', 'Intelligent']"
Standard Schnauzer,https://www.dogbreedslist.info//all-dog-breeds/standard-schnauzer.html,#92,Yes,18,Prices: $1500 - $2500,Lifespan: 12-15 years,"['Playful', 'Friendly', 'Loyal', 'Protective']"
Dogo Argentino,https://www.dogbreedslist.info//all-dog-breeds/argentine-dogo.html,#93,No,-,Prices: $1500 - $2500,Lifespan: 10-12 years,"['Cheerful', 'Intelligent', 'Loyal', 'Protective']"
Bouvier des Flandres,https://www.dogbreedslist.info//all-dog-breeds/bouvier-des-flanders.html,#94,Yes,29,Prices: $1500 - $2500,Lifespan: 10-12 years,"['Familial', 'Stubborn', 'Opinionated', 'Aggressive']"
Pekingese,https://www.dogbreedslist.info//all-dog-breeds/pekingese.html,#95,No,73,Prices: $1500 - $3000,Lifespan: 13-15 years,"['Good-natured', 'Intelligent', 'Quick', 'Agile']"
Keeshond,https://www.dogbreedslist.info//all-dog-breeds/keeshond.html,#96,No,16,Prices: $1500 - $2000,Lifespan: 12-14 years,"['Sturdy', 'Intelligent', 'Obedient', 'Even Tempered']"
Border Terrier,https://www.dogbreedslist.info//all-dog-breeds/border-terrier.html,#97,Yes,30,Prices: $800 - $1500,Lifespan: 12-15 years,"['Fearless', 'Loyal', 'Companionable', 'Fearless']"
Leonberger,https://www.dogbreedslist.info//all-dog-breeds/leonberger.html,#98,No,-,Prices: $2000 - $4000,Lifespan: 8-10 years,"['Obedient', 'Energetic', 'Sensitive', 'Reserved']"
Tibetan Terrier,https://www.dogbreedslist.info//all-dog-breeds/tibetan-terrier.html,#99,Yes,62,Prices: $1500 - $2500,Lifespan: 12-15 years,"['Amiable', 'Obedient', 'Stubborn', 'Dominant']"
Neapolitan Mastiff,https://www.dogbreedslist.info//all-dog-breeds/neapolitan-mastiff.html,#100,No,-,Prices: $2500 - $4500,Lifespan: 9-10 years,"['Protective', 'Intelligent', 'Energetic', 'Mischievous']"
English Setter,https://www.dogbreedslist.info//all-dog-breeds/english-setter.html,#101,No,37,Prices: $1000 - $1500,Lifespan: 10-12 years,"['Strong Willed', 'Optimistic', 'Outgoing', 'Devoted']"
Flat-Coated Retriever,https://www.dogbreedslist.info//all-dog-breeds/flat-coated-retriever.html,#102,No,18,Prices: $1500 - $3000,Lifespan: 10-13 years,"['Confident', 'Gentle', 'Independent', 'Quiet']"
Borzoi,https://www.dogbreedslist.info//all-dog-breeds/borzoi.html,#103,No,75,Prices: $1500 - $3000,Lifespan: 10-12 years,"['Athletic', 'Quick', 'Keen', 'Friendly']"
Wire Fox Terrier,https://www.dogbreedslist.info//all-dog-breeds/wire-fox-terrier.html,#104,Yes,51,Prices: $1500 - $3000,Lifespan: 12-14 years,"['Fearless', 'Playful', 'Energetic', 'Even Tempered']"
Miniature Bull Terrier,https://www.dogbreedslist.info//all-dog-breeds/miniature-bull-terrier.html,#105,No,66,Prices: $2500 - $3500,Lifespan: 10-12 years,"['Loving', 'Intelligent', 'Loyal', 'Energetic']"
Belgian Tervuren,https://www.dogbreedslist.info//all-dog-breeds/belgian-shepherd-tervuren.html,#106,No,14,Prices: $1500 - $2000,Lifespan: 10-12 years,"['Protective', 'Intelligent', 'Confident', 'Alert']"
Gordon Setter,https://www.dogbreedslist.info//all-dog-breeds/gordon-setter.html,#107,No,34,Prices: $1000 - $2000,Lifespan: 10-12 years,"['Fearless', 'Friendly', 'Quick', 'Responsive']"
Silky Terrier,https://www.dogbreedslist.info//all-dog-breeds/australian-silky-terrier.html,#108,Yes,37,Prices: $1000 - $2000,Lifespan: 12-15 years,"['Inquisitive', 'Sensitive', 'Intelligent', 'Hardy']"
Norwich Terrier,https://www.dogbreedslist.info//all-dog-breeds/norwich-terrier.html,#109,Yes,38,Prices: $2000 - $4000,Lifespan: 12-15 years,"['Energetic', 'Patient', 'Loyal', 'Gentle']"
Spinone Italiano,https://www.dogbreedslist.info//all-dog-breeds/spinone-italiano.html,#110,No,-,Prices: $1200 - $2000,Lifespan: 12-14 years,"['Docile', 'Loving', 'Cat-like', 'Loyal']"
Japanese Chin,https://www.dogbreedslist.info//all-dog-breeds/japanese-chin.html,#111,No,62,Prices: $1500 - $2500,Lifespan: 10-12 years,"['Intelligent', 'Spirited', 'Alert', 'Intelligent']"
Welsh Terrier,https://www.dogbreedslist.info//all-dog-breeds/welsh-terrier.html,#112,Yes,53,Prices: $1500 - $3000,Lifespan: 10-14 years,"['Friendly', 'Spirited', 'Friendly', 'Playful']"
Toy Fox Terrier,https://www.dogbreedslist.info//all-dog-breeds/toy-fox-terrier.html,#113,No,-,Prices: $1000 - $1800,Lifespan: 13-14 years,"['Loyal', 'Confident', 'Fearless', 'Faithful']"
Schipperke,https://www.dogbreedslist.info//all-dog-breeds/schipperke.html,#114,No,15,Prices: $1200 - $2000,Lifespan: 13-15 years,"['Agile', 'Happy', 'Obedient', 'Energetic']"
Parson Russell Terrier,https://www.dogbreedslist.info//all-dog-breeds/parson-russell-terrier.html,#115,No,-,Prices: $1200 - $2000,Lifespan: 13-15 years,"['Eager', 'Even Tempered', 'Amiable', 'Loyal']"
Pointer,https://www.dogbreedslist.info//all-dog-breeds/english-pointer.html,#116,No,43,Prices: $1000 - $1500,Lifespan: 12-15 years,"['Kind', 'Powerful', 'Dominant', 'Loyal']"
Belgian Sheepdog,https://www.dogbreedslist.info//all-dog-breeds/groenendael.html,#117,No,15,Prices: $1500 - $3000,Lifespan: 12-14 years,"['Intelligent', 'Willful', 'Assertive', 'Intelligent']"
Tibetan Spaniel,https://www.dogbreedslist.info//all-dog-breeds/tibetan-spaniel.html,#118,No,46,Prices: $1500 - $2000,Lifespan: 12-15 years,"['Aloof', 'Alert', 'Friendly', 'Reserved']"
American Eskimo Dog,https://www.dogbreedslist.info//all-dog-breeds/american-eskimo-dog.html,#119,No,-,Prices: $1000 - $2000,Lifespan: 12-15 years,"['Protective', 'Respectful', 'Dominant', 'Protective']"
Irish Terrier,https://www.dogbreedslist.info//all-dog-breeds/irish-terrier.html,#120,Yes,53,Prices: $1500 - $2500,Lifespan: 12-15 years,"['Intelligent', 'Friendly', 'Calm', 'Fearless']"
Beauceron,https://www.dogbreedslist.info//all-dog-breeds/beauceron.html,#121,No,-,Prices: $2000 - $2500,Lifespan: 10-12 years,"['Protective', 'Clownish', 'Happy', 'Dignified']"
Afghan Hound,https://www.dogbreedslist.info//all-dog-breeds/afghan-hound.html,#122,Yes,79,Prices: $2500 - $3500,Lifespan: 12-14 years,"['Independent', 'Obedient', 'Dominant', 'Confident']"
Boerboel,https://www.dogbreedslist.info//all-dog-breeds/boerboel.html,#123,No,-,Prices: $2000 - $4000,Lifespan: 10-12 years,"['Territorial', 'Intelligent', 'Fearless', 'Playful']"
Smooth Fox Terrier,https://www.dogbreedslist.info//all-dog-breeds/smooth-fox-terrier.html,#124,No,40,Prices: $1000 - $2000,Lifespan: 12-15 years,"['Active', 'Intelligent', 'Lively', 'Hardy']"
Bearded Collie,https://www.dogbreedslist.info//all-dog-breeds/bearded-collie.html,#125,No,34,Prices: $1500 - $2000,Lifespan: 12-14 years,"['Self-Confident', 'Lively', 'Energetic', 'Confident']"
Black Russian Terrier,https://www.dogbreedslist.info//all-dog-breeds/black-russian-terrier.html,#126,No,-,Prices: $3000 - $4000,Lifespan: 10-14 years,"['Hardy', 'Gentle', 'Even Tempered', 'Easygoing']"
Black and Tan Coonhound,https://www.dogbreedslist.info//all-dog-breeds/black-and-tan-coonhound.html,#127,No,44,Prices: $400 - $800,Lifespan: 10-12 years,"['Lovable', 'Friendly', 'Loyal', 'Stubborn']"
Welsh Springer Spaniel,https://www.dogbreedslist.info//all-dog-breeds/welsh-springer-spaniel.html,#128,No,31,Prices: $2000 - $2500,Lifespan: 12-15 years,"['Playful', 'Playful', 'Alert', 'Lively']"
American Hairless Terrier,https://www.dogbreedslist.info//all-dog-breeds/american-hairless-terrier.html,#129,Yes,-,Prices: $2000 - $4000,Lifespan: 14-16 years,"['Inquisitive', 'Self-Confident', 'Spirited', 'Lovable']"
Norfolk Terrier,https://www.dogbreedslist.info//all-dog-breeds/norfolk-terrier.html,#130,Yes,56,Prices: $2500 - $3500,Lifespan: 12-15 years,"['Happy', 'Companionable', 'Protective', 'Intelligent']"
Xoloitzcuintli,https://www.dogbreedslist.info//all-dog-breeds/xoloitzcuintle.html,#131,Yes,-,Prices: $2000 - $4000,Lifespan: 14-20 years,"['Cheerful', 'Devoted', 'Active', 'Alert']"
Manchester Terrier,https://www.dogbreedslist.info//all-dog-breeds/manchester-terrier.html,#132,No,32,Prices: $500 - $1000,Lifespan: 14-16 years,"['Discerning', 'Spirited', 'Strong Willed', 'Gentle']"
Kerry Blue Terrier,https://www.dogbreedslist.info//all-dog-breeds/kerry-blue-terrier.html,#133,Yes,35,Prices: $2000 - $2500,Lifespan: 12-15 years,"['Affectionate', 'Courageous', 'Loyal', 'Even Tempered']"
Australian Terrier,https://www.dogbreedslist.info//all-dog-breeds/australian-terrier.html,#134,Yes,34,Prices: $1200 - $1500,Lifespan: 12-15 years,"['Companionable', 'Dignified', 'Gentle', 'Loyal']"
Clumber Spaniel,https://www.dogbreedslist.info//all-dog-breeds/clumber-spaniel.html,#135,No,37,Prices: $1200 - $1500,Lifespan: 10-12 years,"['Great-hearted', 'Independent', 'Trainable', 'Intelligent']"
Lakeland Terrier,https://www.dogbreedslist.info//all-dog-breeds/lakeland-terrier.html,#136,Yes,62,Prices: $1500 - $2800,Lifespan: 12-16 years,"['Confident', 'Active', 'Intelligent', 'Friendly']"
Bluetick Coonhound,https://www.dogbreedslist.info//all-dog-breeds/bluetick-coonhound.html,#137,No,-,Prices: $400 - $1200,Lifespan: 11-12 years,"['Gentle', 'Loyal', 'Playful', 'Quiet']"
English Toy Spaniel,https://www.dogbreedslist.info//all-dog-breeds/english-toy-spaniel.html,#138,No,-,Prices: $2000 - $2500,Lifespan: 10-12 years,"['Social', 'Even Tempered', 'Spirited', 'Lively']"
German Pinscher,https://www.dogbreedslist.info//all-dog-breeds/german-pinscher.html,#139,No,-,Prices: $2000 - $3000,Lifespan: 12-15 years,"['Loving', 'Stubborn', 'Tenacious', 'Strong Willed']"
Tibetan Mastiff,https://www.dogbreedslist.info//all-dog-breeds/tibetan-mastiff.html,#140,No,-,Prices: $2500 - $4000,Lifespan: 10-14 years,"['Protective', 'Affectionate', 'Intelligent', 'Good-tempered']"
Bedlington Terrier,https://www.dogbreedslist.info//all-dog-breeds/bedlington-terrier.html,#141,Yes,40,Prices: $1800 - $2500,Lifespan: 14-16 years,"['Spirited', 'Athletic', 'Even Tempered', 'Gentle']"
Greyhound,https://www.dogbreedslist.info//all-dog-breeds/greyhound.html,#142,No,46,Prices: $1500 - $2500,Lifespan: 10-13 years,"['Intelligent', 'Faithful', 'Energetic', 'Intelligent']"
Puli,https://www.dogbreedslist.info//all-dog-breeds/puli.html,#143,Yes,27,Prices: $1500 - $2500,Lifespan: 12-16 years,"['Loyal', 'Reserved', 'Aloof', 'Quiet']"
Saluki,https://www.dogbreedslist.info//all-dog-breeds/saluki.html,#144,No,43,Prices: $2500 - $3000,Lifespan: 12-14 years,"['Intelligent', 'Intelligent', 'Obedient', 'Companionable']"
Barbet,https://www.dogbreedslist.info//all-dog-breeds/barbet.html,#145,Yes,-,Prices: $2500 - $4000,Lifespan: 13-15 years,"['Joyful', 'Familial', 'Energetic', 'Companionable']"
Redbone Coonhound,https://www.dogbreedslist.info//all-dog-breeds/redbone-coonhound.html,#146,No,-,Prices: $500 - $800,Lifespan: 12-14 years,"['Unflappable', 'Friendly', 'Watchful', 'Fearless']"
Swedish Vallhund,https://www.dogbreedslist.info//all-dog-breeds/swedish-vallhund.html,#147,No,-,Prices: $1500 - $2300,Lifespan: 12-14 years,"['Energetic', 'Friendly', 'Fearless', 'Even Tempered']"
Sealyham Terrier,https://www.dogbreedslist.info//all-dog-breeds/sealyham-terrier.html,#148,Yes,56,Prices: $1500 - $3000,Lifespan: 14-16 years,"['Calm', 'Diligent', 'Trainable', 'Loyal']"
Spanish Water Dog,https://www.dogbreedslist.info//all-dog-breeds/spanish-water-dog.html,#149,Yes,-,Prices: $1500 - $2500,Lifespan: 10-14 years,"['Athletic', 'Intelligent', 'Obedient', 'Faithful']"
Briard,https://www.dogbreedslist.info//all-dog-breeds/briard.html,#150,No,30,Prices: $1500 - $3000,Lifespan: 10-12 years,"['Fearless', 'Stubborn', 'Intelligent', 'Lively']"
Berger Picard,https://www.dogbreedslist.info//all-dog-breeds/berger-picard.html,#151,No,-,Prices: $2000 - $2500,Lifespan: 12-15 years,"['Energetic', 'Agile', 'Independent', 'Devoted']"
Entlebucher Mountain Dog,https://www.dogbreedslist.info//all-dog-breeds/entlebucher-mountain-dog.html,#152,No,-,Prices: $800 - $1500,Lifespan: 10-15 years,"['Loyal', 'Loving', 'Affectionate', 'Clever']"
Treeing Walker Coonhound,https://www.dogbreedslist.info//all-dog-breeds/treeing-walker-coonhound.html,#153,No,-,Prices: $400 - $800,Lifespan: 12-13 years,"['Trainable', 'Energetic', 'Cheerful', 'Inquisitive']"
Icelandic Sheepdog,https://www.dogbreedslist.info//all-dog-breeds/icelandic-sheepdog.html,#154,No,-,Prices: $1000 - $1500,Lifespan: 12-15 years,"['Hardy', 'Intelligent', 'Loyal', 'Out-Going']"
Wirehaired Vizsla,https://www.dogbreedslist.info//all-dog-breeds/wirehaired-vizsla.html,#155,No,-,Prices: $1000 - $1500,Lifespan: 12-14 years,"['Protective', 'Protective', 'Reserved', 'Vocal']"
Pumi,https://www.dogbreedslist.info//all-dog-breeds/pumi.html,#156,No,-,Prices: $2000 - $3000,Lifespan: 12-15 years,"['Lively', 'Friendly', 'Companionable', 'Active']"
Portuguese Podengo Pequeno,https://www.dogbreedslist.info//all-dog-breeds/portuguese-podengo.html,#157,No,-,Prices: $1000 - $2500,Lifespan: 12-14 years,"['Lively', 'Friendly', 'Devoted', 'Courageous']"
American Water Spaniel,https://www.dogbreedslist.info//all-dog-breeds/american-water-spaniel.html,#158,No,44,Prices: $1200 - $1500,Lifespan: 10-13 years,"['Tenacious', 'Intelligent', 'Clever', 'Independent']"
Curly-Coated Retriever,https://www.dogbreedslist.info//all-dog-breeds/curly-coated-retriever.html,#159,No,41,Prices: $1500 - $2500,Lifespan: 8-12 years,"['Lively', 'Sociable', 'Docile', 'Sensitive']"
Field Spaniel,https://www.dogbreedslist.info//all-dog-breeds/field-spaniel.html,#160,No,34,Prices: $2000 - $5000,Lifespan: 11-15 years,"['Familial', 'Happy', 'Playful', 'Familial']"
Lowchen,https://www.dogbreedslist.info//all-dog-breeds/lowchen.html,#161,Yes,-,Prices: $4000 - $8000,Lifespan: 12-15 years,"['Friendly', 'Territorial', 'Benevolent', 'Agile']"
Kooikerhondje,https://www.dogbreedslist.info//all-dog-breeds/kooikerhondje.html,#162,No,-,Prices: $3000 - $3500,Lifespan: 12-14 years,"['Alert', 'Adventurous', 'Fun-loving', 'Playful']"
Affenpinscher,https://www.dogbreedslist.info//all-dog-breeds/affenpinscher.html,#163,Yes,37,Prices: $1800 - $2500,Lifespan: 12-14 years,"['Stubborn', 'Friendly', 'Independent', 'Lively']"
Petit Basset Griffon Vendeen,https://www.dogbreedslist.info//all-dog-breeds/petit-basset-griffon-vendeen.html,#164,No,62,Prices: $1200 - $1600,Lifespan: 11-14 years,"['Active', 'Friendly', 'Courageous', 'Faithful']"
Finnish Lapphund,https://www.dogbreedslist.info//all-dog-breeds/finnish-lapphund.html,#165,No,-,Prices: $1000 - $2000,Lifespan: 12-15 years,"['Calm', 'Friendly', 'Docile', 'Dignified']"
Scottish Deerhound,https://www.dogbreedslist.info//all-dog-breeds/scottish-deerhound.html,#166,No,47,Prices: $1000 - $2500,Lifespan: 8-10 years,"['Gentle', 'Intelligent', 'Loyal', 'Alert']"
Plott Hound,https://www.dogbreedslist.info//all-dog-breeds/plott-hound.html,#167,No,-,Prices: $500 - $700,Lifespan: 12-14 years,"['Bold', 'Friendly', 'Fun-loving', 'Energetic']"
Norwegian Buhund,https://www.dogbreedslist.info//all-dog-breeds/norwegian-buhund.html,#168,No,-,Prices: $2000 - $2500,Lifespan: 13-15 years,"['Courageous', 'Agile', 'Spirited', 'Gentle']"
Glen of Imaal Terrier,https://www.dogbreedslist.info//all-dog-breeds/glen-of-imaal-terrier.html,#169,No,-,Prices: $1500 - $2200,Lifespan: 12-14 years,"['Active', 'Reliable', 'Loyal', 'Energetic']"
Irish Red and White Setter,https://www.dogbreedslist.info//all-dog-breeds/irish-red-and-white-setter.html,#170,No,-,Prices: $1800 - $2500,Lifespan: 11-13 years,"['Playful', 'Engaging', 'Independent', 'Stubborn']"
Ibizan Hound,https://www.dogbreedslist.info//all-dog-breeds/ibizan-hound.html,#171,No,53,Prices: $2000 - $2500,Lifespan: 12-14 years,"['Intelligent', 'Sociable', 'Devoted', 'Calm']"
Sussex Spaniel,https://www.dogbreedslist.info//all-dog-breeds/sussex-spaniel.html,#172,No,-,Prices: $2000 - $3000,Lifespan: 12-15 years,"['Cheerful', 'Intelligent', 'Determined', 'Patient']"
Bergamasco,https://www.dogbreedslist.info//all-dog-breeds/bergamasco.html,#173,Yes,-,Prices: $1000 - $2000,Lifespan: 13-15 years,"['Vigilant', 'Intelligent', 'Inquisitive', 'Quick']"
Irish Water Spaniel,https://www.dogbreedslist.info//all-dog-breeds/irish-water-spaniel.html,#174,Yes,24,Prices: $1500 - $2000,Lifespan: 10-12 years,"['Clownish', 'Self-Confident', 'Perceptive', 'Lively']"
Polish Lowland Sheepdog,https://www.dogbreedslist.info//all-dog-breeds/polish-lowland-sheepdog.html,#175,Yes,-,Prices: $2000 - $2500,Lifespan: 10-12 years,"['Even Tempered', 'Boisterous', 'Amiable', 'Even Tempered']"
Otterhound,https://www.dogbreedslist.info//all-dog-breeds/otterhound.html,#176,No,46,Prices: $1500 - $2500,Lifespan: 10-12 years,"['Patient', 'Clownish', 'Protective', 'Intelligent']"
Kuvasz,https://www.dogbreedslist.info//all-dog-breeds/kuvasz.html,#177,No,42,Prices: $1500 - $2500,Lifespan: 10-12 years,"['Calm', 'Gentle', 'Independent', 'Fearless']"
Komondor,https://www.dogbreedslist.info//all-dog-breeds/komondor.html,#178,No,-,Prices: $800 - $1500,Lifespan: 10-12 years,"['Affectionate', 'Gentle', 'Friendly', 'Independent']"
Cirneco dellâ€™Etna,https://www.dogbreedslist.info//all-dog-breeds/cirneco-dell-etna.html,#179,No,-,Prices: $900 - $1500,Lifespan: 12-15 years,"['Trainable', 'Sociable', 'Playful', 'Intelligent']"
Pharaoh Hound,https://www.dogbreedslist.info//all-dog-breeds/pharaoh-hound.html,#180,No,37,Prices: $1800 - $2500,Lifespan: 12-14 years,"['Fun-loving', 'Independent', 'Lively', 'Determined']"
Dandie Dinmont Terrier,https://www.dogbreedslist.info//all-dog-breeds/dandie-dinmont-terrier.html,#181,Yes,62,Prices: $1500 - $3000,Lifespan: 12-14 years,"['Energetic', 'Bossy', 'Watchful', 'Clever']"
Pyrenean Shepherd,https://www.dogbreedslist.info//all-dog-breeds/pyrenean-shepherd.html,#182,No,-,Prices: $800 - $1200,Lifespan: 15-17 years,"['Friendly', 'Intelligent', 'Good-tempered', 'Loyal']"
Skye Terrier,https://www.dogbreedslist.info//all-dog-breeds/skye-terrier.html,#183,No,55,Prices: $1500 - $2000,Lifespan: 12-14 years,"['Devoted', 'Quick', 'Cautious', 'Vigilant']"
Canaan Dog,https://www.dogbreedslist.info//all-dog-breeds/canaan-dog.html,#184,No,-,Prices: $1500 - $2000,Lifespan: 12-14 years,"['High-strung', 'Intelligent', 'Loyal', 'Energetic']"
American English Coonhound,https://www.dogbreedslist.info//all-dog-breeds/english-coonhound.html,#185,No,-,Prices: $800 - $1200,Lifespan: 10-12 years,"['Friendly', 'Calm', 'Dignified', 'Alert']"
Chinook,https://www.dogbreedslist.info//all-dog-breeds/chinook-dog.html,#186,No,-,Prices: $800 - $1200,Lifespan: 12-15 years,"['Vocal', 'Playful', 'Loyal', 'Intelligent']"
Finnish Spitz,https://www.dogbreedslist.info//all-dog-breeds/finnish-spitz.html,#187,No,43,Prices: $1000 - $2000,Lifespan: 12-15 years,"['Stubborn', 'Fast', 'Alert', 'Courageous']"
Grand Basset Griffon Vendeen,https://www.dogbreedslist.info//all-dog-breeds/grand-basset-griffon-vendeen.html,#188,No,-,Prices: $1200 - $1500,Lifespan: 12-15 years,"['Sensitive', 'Intelligent', 'Faithful', 'Alert']"
Sloughi,https://www.dogbreedslist.info//all-dog-breeds/sloughi.html,#189,No,-,Prices: $1500 - $2000,Lifespan: 12-15 years,"['Cheerful', 'Sweet-tempered', 'Friendly', 'Social']"
Harrier,https://www.dogbreedslist.info//all-dog-breeds/harrier-dog.html,#190,No,-,Prices: $1500 - $2500,Lifespan: 10-12 years,"['Quiet', 'Calm', 'Reserved', 'Cheerful']"
Cesky Terrier,https://www.dogbreedslist.info//all-dog-breeds/cesky-terrier.html,#191,Yes,-,Prices: $1200 - $2500,Lifespan: 12-15 years,"['Intelligent', 'Kind', 'Independent', 'Loyal']"
American Foxhound,https://www.dogbreedslist.info//all-dog-breeds/american-foxhound.html,#192,No,46,Prices: $500 - $700,Lifespan: 10-12 years,"['Aloof', 'Fierce', 'Refined', 'Rugged']"
Azawakh,https://www.dogbreedslist.info//all-dog-breeds/azawakh.html,#193,No,-,Prices: $2000 - $2500,Lifespan: 10-12 years,"['Gentle', 'Sociable', 'Friendly', 'Companionable']"
English Foxhound,https://www.dogbreedslist.info//all-dog-breeds/english-foxhound.html,#194,No,46,Prices: $600 - $800,Lifespan: 10-13 years,"['Loyal', 'Protective', 'Alert', 'Energetic']"
Norwegian Lundehund,https://www.dogbreedslist.info//all-dog-breeds/norwegian-lundehund.html,#195,No,-,Prices: $2000 - $3000,Lifespan: 10-12 years,"['Clownish', 'Stubborn', 'Affectionate', 'Obedient']"
American Pit Bull Terrier,https://www.dogbreedslist.info//all-dog-breeds/american-pit-bull-terrier.html,-,No,-,Prices: $500 - $1000,Lifespan: 10-14 years,"['Companionable', 'Fearless', 'Eager', 'Self-Confident']"
American White Shepherd,https://www.dogbreedslist.info//all-dog-breeds/american-white-shepherd.html,-,-,-,Prices: $1000 - $1500,Lifespan: 12-14 years,"['Active', 'Intelligent', 'Outgoing', 'Loving']"
Cockapoo,https://www.dogbreedslist.info//all-dog-breeds/cockapoo.html,-,No,-,Prices: $1000 - $2000,Lifespan: 14-18 years,"['Friendly', 'Trainable', 'Intelligent', 'Energetic']"
Goldendoodle,https://www.dogbreedslist.info//all-dog-breeds/goldendoodle.html,-,No,-,Prices: $1000 - $2500,Lifespan: 10-15 years,"['Proud', 'Companionable', 'Playful', 'Obedient']"
Japanese Spitz,https://www.dogbreedslist.info//all-dog-breeds/japanese-spitz.html,-,No,-,Prices: $1000 - $2500,Lifespan: 10-16 years,"['Loving', 'Loyal', 'Active', 'Playful']"
Miniature Bulldog,https://www.dogbreedslist.info//all-dog-breeds/toy-bulldog.html,-,No,-,Prices: $1500 - $4500,Lifespan: 9-12 years,"['Active', 'cheerful', 'Loyalty', 'Playful']"
Russian Toy,https://www.dogbreedslist.info//all-dog-breeds/russian-toy.html,-,No,-,Prices: $2000 - $2500,Lifespan: 11-13 years,"['Lively', 'Watchful', 'Affectionate', 'Playful']"
Volpino Italiano,https://www.dogbreedslist.info//all-dog-breeds/volpino-italiano.html,-,No,-,Prices: $700 - $1500,Lifespan: 14-16 years,"['Easygoing', 'Earnest', 'Willing', 'Intelligent']"
Bolognese dog,https://www.dogbreedslist.info//all-dog-breeds/bolognese-dog.html,-,Yes,-,Prices: $1000 - $2500,Lifespan: 13-15 years,"['Faithful', 'Trainable', 'Instinctual', 'Intelligent']"
Miniature Poodle,https://www.dogbreedslist.info//all-dog-breeds/miniature-poodle.html,-,Yes,2,Prices: $1500 - $3000,Lifespan: 14-16 years,"['Faithful', 'Trainable', 'Instinctual', 'Alert']"
Toy Poodle,https://www.dogbreedslist.info//all-dog-breeds/toy-poodle.html,-,Yes,2,Prices: $1500 - $3000,Lifespan: 14-16 years,"['Determined', 'Dignified', 'Friendly', 'Protective']"
Miniature Shar Pei,https://www.dogbreedslist.info//all-dog-breeds/miniature-shar-pei.html,-,No,-,Prices: $1500 - $3000,Lifespan: 9-11 years,"['Trainable', 'Loving', 'Dutiful', 'Active']"
Alapaha Blue Blood Bulldog,https://www.dogbreedslist.info//all-dog-breeds/alapaha-blue-blood-bulldog.html,-,No,-,Prices: $1500 - $2500,Lifespan: 12-15 years,"['Curious', 'Intelligent', 'Agile', 'Self-assured']"
Alaskan Klee Kai,https://www.dogbreedslist.info//all-dog-breeds/alaskan-klee-kai.html,-,No,-,Prices: $1500 - $2000,Lifespan: 12-15 years,"['Lively', 'Energetic', 'Fearless', 'Loyal']"
Appenzeller Sennenhund,https://www.dogbreedslist.info//all-dog-breeds/appenzeller-sennenhund.html,-,No,-,Prices: $1800 - $2200,Lifespan: 12-15 years,"['Familial', 'Loving', 'Easygoing', 'Friendly']"
Australian Bulldog,https://www.dogbreedslist.info//all-dog-breeds/australian-bulldog.html,-,No,-,Prices: $2500 - $3500,Lifespan: 10-12 years,"['Loyal', 'Energetic', 'Eager', 'Devoted']"
Australian Kelpie,https://www.dogbreedslist.info//all-dog-breeds/australian-kelpie.html,-,No,-,Prices: $1200 - $1600,Lifespan: 10-14 years,"['Obedient', 'Courageous', 'Loyal', 'Good-natured']"
Australian Stumpy Tail Cattle Dog,https://www.dogbreedslist.info//all-dog-breeds/australian-stumpy-tail-cattle-dog.html,-,No,-,Prices: $500 - $1000,Lifespan: 10-13 years,"['Keen', 'Elegant', 'Agreeable', 'Alert']"
Austrian Black and Tan Hound,https://www.dogbreedslist.info//all-dog-breeds/austrian-black-and-tan-hound.html,-,No,-,Prices: $400 - $600,Lifespan: 12-14 years,"['Friendly', 'Devoted', 'Lively', 'Happy']"
Austrian Pinscher,https://www.dogbreedslist.info//all-dog-breeds/austrian-pinscher.html,-,No,-,Prices: $400 - $600,Lifespan: 12-14 years,"['Active', 'Curious', 'Agile', 'Stubborn']"
Basset Bleu de Gascogne,https://www.dogbreedslist.info//all-dog-breeds/basset-bleu-de-gascogne.html,-,No,-,Prices: $1300 - $1600,Lifespan: 11-13 years,"['Sociable', 'Courageous', 'Companionable', 'Companionable']"
Basset Fauve de Bretagne,https://www.dogbreedslist.info//all-dog-breeds/basset-fauve-de-bretagne.html,-,-,-,Prices: $1200 - $1500,Lifespan: 11-14 years,"['Sensitive', 'Watchful', 'Inquisitive', 'Kind']"
Belgian Shepherd Laekenois,https://www.dogbreedslist.info//all-dog-breeds/belgian-shepherd-laekenois.html,-,No,-,Prices: $1700 - $2500,Lifespan: 10-12 years,"['Loyal', 'Fearless', 'Protective', 'Intelligent']"
Black Mouth Cur,https://www.dogbreedslist.info//all-dog-breeds/blackmouth-cur.html,-,No,-,Prices: $500 - $1300,Lifespan: 12-18 years,"['Alert', 'Strong Willed', 'Hardy', 'Active']"
Black Norwegian Elkhound,https://www.dogbreedslist.info//all-dog-breeds/black-norwegian-elkhound.html,-,No,-,Prices: $700 - $1000,Lifespan: 12-15 years,"['Alert', 'Devoted', 'Intense', 'Playful']"
Blue Lacy,https://www.dogbreedslist.info//all-dog-breeds/blue-lacy.html,-,-,-,Prices: $400 - $600,Lifespan: 14-16 years,"['Gentle', 'Calm', 'Protective', 'Active']"
Blue Picardy Spaniel,https://www.dogbreedslist.info//all-dog-breeds/blue-picardy-spaniel.html,-,No,-,Prices: $900 - $1200,Lifespan: 12-14 years,"['Courageous', 'Trainable', 'Stable', 'Stubborn']"
Bohemian Shepherd,https://www.dogbreedslist.info//all-dog-breeds/bohemian-shepherd.html,-,No,-,Prices: $2000 - $2500,Lifespan: 10-13 years,"['Affectionate', 'Loyal', 'Companionable', 'Affectionate']"
Bracco Italiano,https://www.dogbreedslist.info//all-dog-breeds/bracco-italiano.html,-,-,-,Prices: $2000 - $2500,Lifespan: 11-13 years,"['Kind', 'Calm', 'Cooperative', 'Gentle']"
Braque du Bourbonnais,https://www.dogbreedslist.info//all-dog-breeds/braque-du-bourbonnais.html,-,No,-,Prices: $1200 - $1500,Lifespan: 13-15 years,"['Friendly', 'Keen', 'Restless', 'Independent']"
Brazilian Terrier,https://www.dogbreedslist.info//all-dog-breeds/brazilian-terrier.html,-,-,-,Prices: $800 - $1000,Lifespan: 12-14 years,"['Dominant', 'Brave', 'Proud', 'Affectionate']"
Bulgarian Shepherd Dog,https://www.dogbreedslist.info//all-dog-breeds/bulgarian-shepherd-dog.html,-,No,-,Prices: $800 - $1000,Lifespan: 12-14 years,"['Loyal', 'Brave', 'Tough', 'Gentle']"
Canadian Eskimo Dog,https://www.dogbreedslist.info//all-dog-breeds/canadian-eskimo-dog.html,-,No,-,Prices: $3500 - $8000,Lifespan: 12-14 years,"['Loyal', 'Reserved', 'Adaptable', 'Courageous']"
Carolina Dog,https://www.dogbreedslist.info//all-dog-breeds/carolina-dog.html,-,No,-,Prices: $800 - $1500,Lifespan: 12-14 years,"['Calm', 'Dignified', 'Devoted', 'Loyal']"
Carpathian Sheepdog,https://www.dogbreedslist.info//all-dog-breeds/carpathian-sheepdog.html,-,No,-,Prices: $1500 - $2000,Lifespan: 12-14 years,"['Companionable', 'Hunting Instinct', 'Independent', 'Energetic']"
Catahoula Bulldog,https://www.dogbreedslist.info//all-dog-breeds/catahoula-bulldog.html,-,No,-,Prices: $400 - $700,Lifespan: 10-14 years,"['Inquisitive', 'Loving', 'Intelligent', 'Agile']"
Catahoula Leopard Dog,https://www.dogbreedslist.info//all-dog-breeds/catahoula-leopard-dog.html,-,No,-,Prices: $400 - $700,Lifespan: 11-13 years,"['Protective', 'Trainable', 'Quick', 'Calm']"
Catalan Sheepdog,https://www.dogbreedslist.info//all-dog-breeds/catalan-sheepdog.html,-,No,-,Prices: $1200 - $1500,Lifespan: 12-14 years,"['Dominant', 'Powerful', 'Curious', 'Independent']"
Caucasian Ovcharka,https://www.dogbreedslist.info//all-dog-breeds/caucasian-ovtcharka.html,-,No,-,Prices: $1000 - $3000,Lifespan: 10-12 years,"['Adaptable', 'Strong', 'Agile', 'Energetic']"
Central Asian Ovtcharka,https://www.dogbreedslist.info//all-dog-breeds/central-asian-ovtcharka.html,-,-,-,Prices: $1200 - $2000,Lifespan: 12-14 years,"['Companionable', 'Keen', 'Sociable', 'Quick']"
Croatian Sheepdog,https://www.dogbreedslist.info//all-dog-breeds/croatian-sheepdog.html,-,-,-,Prices: $1000 - $1200,Lifespan: 12-14 years,"['Courageous', 'Lively', 'Affectionate', 'Obedient']"
Czechoslovakian Wolfdog,https://www.dogbreedslist.info//all-dog-breeds/czechoslovakian-wolfdog.html,-,No,-,Prices: $800 - $1500,Lifespan: 12-15 years,"['Loyal', 'Trainable', 'Confident', 'Very agile']"
Dutch Shepherd Dog,https://www.dogbreedslist.info//all-dog-breeds/dutch-shepherd-dog.html,-,No,-,Prices: $1000 - $2500,Lifespan: 12-15 years,"['Sensitive', 'Loyal', 'Kind', 'Independent']"
East-European Shepherd,https://www.dogbreedslist.info//all-dog-breeds/east-european-shepherd.html,-,No,-,Prices: $900 - $1200,Lifespan: 12-14 years,"['Energetic', 'Adaptable', 'Even Tempered', 'Calm']"
English Shepherd,https://www.dogbreedslist.info//all-dog-breeds/english-shepherd.html,-,No,-,Prices: $400 - $800,Lifespan: 12-15 years,"['Reserved', 'Watchful', 'Determined', 'Loyal']"
Eurasier,https://www.dogbreedslist.info//all-dog-breeds/eurasier.html,-,No,-,Prices: $2000 - $2500,Lifespan: 11-13 years,"['Obedient', 'Docile', 'Tough', 'Loving']"
Fila Brasileiro,https://www.dogbreedslist.info//all-dog-breeds/fila-brasileiro.html,-,No,-,Prices: $1500 - $2000,Lifespan: 9-11 years,"['Adaptable', 'Energetic', 'Reliable', 'Courageous']"
French Spaniel,https://www.dogbreedslist.info//all-dog-breeds/french-spaniel.html,-,No,-,Prices: $1500 - $2000,Lifespan: 10-12 years,"['Sociable', 'Strong Willed', 'Affectionate', 'Friendly']"
Jagdterrier,https://www.dogbreedslist.info//all-dog-breeds/jagdterrier.html,-,No,-,Prices: $700 - $1000,Lifespan: 12-15 years,"['Kind', 'Familial', 'Lively', 'Dependable']"
German Longhaired Pointer,https://www.dogbreedslist.info//all-dog-breeds/german-longhaired-pointer.html,-,No,-,Prices: $1000 - $1600,Lifespan: 10-12 years,"['Trainable', 'Trustworthy', 'Alert', 'Dignified']"
Large Munsterlander,https://www.dogbreedslist.info//all-dog-breeds/large-munsterlander.html,-,No,-,Prices: $1500 - $1800,Lifespan: 11-13 years,"['Docile', 'Faithful', 'Watchful', 'Even Tempered']"
Hokkaido Dog,https://www.dogbreedslist.info//all-dog-breeds/hokkaido-dog.html,-,No,-,Prices: $1000 - $1500,Lifespan: 11-13 years,"['Reserved', 'Familial', 'Loyal', 'Brave']"
Hovawart,https://www.dogbreedslist.info//all-dog-breeds/hovawart.html,-,No,-,Prices: $1200 - $3500,Lifespan: 10-14 years,"['Active', 'Faithful', 'Tenacious', 'Cautious']"
Korean Jindo,https://www.dogbreedslist.info//all-dog-breeds/korean-jindo-dog.html,-,No,-,Prices: $800 - $1000,Lifespan: 12-15 years,"['Loyal', 'Brave', 'Faithful', 'Docile']"
Karelian Bear Dog,https://www.dogbreedslist.info//all-dog-breeds/karelian-bear-dog.html,-,No,-,Prices: $1400 - $1700,Lifespan: 10-12 years,"['Noble', 'Alert', 'Dominant', 'Patient']"
Kishu Ken,https://www.dogbreedslist.info//all-dog-breeds/kishu.html,-,No,-,Prices: $1800 - $2200,Lifespan: 11-13 years,"['Diligent', 'Dedicated', 'Docile', 'Spirited']"
Koolie,https://www.dogbreedslist.info//all-dog-breeds/koolie.html,-,No,-,Prices: $700 - $900,Lifespan: 16-18 years,"['Companionable', 'Good-natured', 'Clever', 'Friendly']"
Kromfohrlander,https://www.dogbreedslist.info//all-dog-breeds/kromfohrlander.html,-,No,-,Prices: $2000 - $2500,Lifespan: 12-14 years,"['Alert', 'Generous', 'Courageous', 'Playful']"
Lancashire Heeler,https://www.dogbreedslist.info//all-dog-breeds/lancashire-heeler.html,-,No,-,Prices: $800 - $1200,Lifespan: 12-15 years,"['Loving', 'Friendly', 'Hard-working', 'Sociable']"
Landseer,https://www.dogbreedslist.info//all-dog-breeds/landseer.html,-,No,-,Prices: $2000 - $2500,Lifespan: 9-11 years,"['Obedient', 'Energetic', 'Lively', 'Keen']"
McNab,https://www.dogbreedslist.info//all-dog-breeds/mcnab.html,-,No,-,Prices: $700 - $1000,Lifespan: 13-15 years,"['Courageous', 'Happy', 'Strong Willed', 'Attentive']"
Mudi,https://www.dogbreedslist.info//all-dog-breeds/mudi.html,-,No,-,Prices: $2000 - $2500,Lifespan: 12-14 years,"['Trainable', 'Active', 'Attentive', 'Daring']"
Small Munsterlander,https://www.dogbreedslist.info//all-dog-breeds/small-munsterlander.html,-,No,-,Prices: $1500 - $1800,Lifespan: 12-14 years,"['Confident', 'Alert', 'Strong', 'Confident']"
Norrbottenspets,https://www.dogbreedslist.info//all-dog-breeds/norrbottenspets.html,-,No,-,Prices: $2000 - $3000,Lifespan: 12-15 years,"['Courageous', 'Aggressive', 'Protective', 'Energetic']"
Olde English Bulldogge,https://www.dogbreedslist.info//all-dog-breeds/olde-english-bulldogge.html,-,-,-,Prices: $2000 - $3000,Lifespan: 11-13 years,"['Friendly', 'Confident', 'Inquisitive', 'Gentle']"
Pakistani Mastiff,https://www.dogbreedslist.info//all-dog-breeds/pakistani-mastiff.html,-,-,-,Prices: $1000 - $1500,Lifespan: 8-10 years,"['Dominant', 'Suspicious', 'Strong Willed', 'Brave']"
Patterdale Terrier,https://www.dogbreedslist.info//all-dog-breeds/patterdale-terrier.html,-,No,-,Prices: $700 - $1000,Lifespan: 11-14 years,"['Self-assured', 'Quiet', 'Loyal', 'Lively']"
Perro de Presa Canario,https://www.dogbreedslist.info//all-dog-breeds/perro-de-presa-canario.html,-,No,-,Prices: $1500 - $2500,Lifespan: 9-11 years,"['Noble', 'Protective', 'Alert', 'Energetic']"
Perro de Presa Mallorquin,https://www.dogbreedslist.info//all-dog-breeds/perro-de-presa-mallorquin.html,-,-,-,Prices: $1500 - $2500,Lifespan: 10-12 years,"['Trainable', 'Companionable', 'Devoted', 'Quick']"
Peruvian Inca Orchid,https://www.dogbreedslist.info//all-dog-breeds/peruvian-inca-orchid.html,-,Yes,-,Prices: $2000 - $4000,Lifespan: 11-13 years,"['Gentle', 'Lively', 'Alert', 'Friendly']"
Picardy Spaniel,https://www.dogbreedslist.info//all-dog-breeds/picardy-spaniel.html,-,No,-,Prices: $1200 - $1800,Lifespan: 12-14 years,"['Affectionate', 'Amiable', 'Reliable', 'Independent']"
Prazsky Krysarik,https://www.dogbreedslist.info//all-dog-breeds/prazsky-krysarik.html,-,No,-,Prices: $1500 - $2500,Lifespan: 12-15 years,"['Proud', 'Lively', 'Energetic', 'Independent']"
Russian Spaniel,https://www.dogbreedslist.info//all-dog-breeds/russian-spaniel.html,-,No,-,Prices: $2000 - $2500,Lifespan: 14-16 years,"['Proud', 'Lively', 'Energetic', 'Friendly']"
Saarloos wolfdog,https://www.dogbreedslist.info//all-dog-breeds/saarloos-wolfdog.html,-,-,-,Prices: $2000 - $2500,Lifespan: 10-12 years,"['Watchful', 'Lively', 'Attentive', 'Cautious']"
Sarplaninac,https://www.dogbreedslist.info//all-dog-breeds/sarplaninac.html,-,-,-,Prices: $1500 - $2000,Lifespan: 11-13 years,"['Agile', 'Brave', 'Energetic', 'Companionable']"
Schapendoes,https://www.dogbreedslist.info//all-dog-breeds/schapendoes.html,-,No,-,Prices: $1000 - $1500,Lifespan: 12-14 years,"['Outgoing', 'Trainable', 'Loyal', 'Playful']"
Shikoku dog,https://www.dogbreedslist.info//all-dog-breeds/shikoku-dog.html,-,-,-,Prices: $3000 - $4000,Lifespan: 10-12 years,"['Friendly', 'Companionable', 'Trusting', 'Alert']"
Shiloh Shepherd dog,https://www.dogbreedslist.info//all-dog-breeds/shiloh-shepherd-dog.html,-,-,-,Prices: $1000 - $2000,Lifespan: 12-14 years,"['Calm', 'Independent', 'Protective', 'Hardy']"
Silken Windhound,https://www.dogbreedslist.info//all-dog-breeds/silken-windhound.html,-,No,-,Prices: $2000 - $2500,Lifespan: 16-20 years,"['Hard-working', 'Gentle', 'Clownish', 'Self-assured']"
Kangal Dog,https://www.dogbreedslist.info//all-dog-breeds/kangal-dog.html,-,No,-,Prices: $1200 - $2500,Lifespan: 12-15 years,"['Determined', 'Intelligent', 'Noble', 'Trainable']"
Pont-Audemer Spaniel,https://www.dogbreedslist.info//all-dog-breeds/pont-audemer-spaniel.html,-,No,-,Prices: $1200 - $1600,Lifespan: 12-14 years,"['Kind', 'Lively', 'Versatile', 'Tolerant']"
Spanish Mastiff,https://www.dogbreedslist.info//all-dog-breeds/spanish-mastiff.html,-,-,-,Prices: $1200 - $1800,Lifespan: 10-12 years,"['Sociable', 'Obedient', 'Agile', 'Loyal']"
Swedish Lapphund,https://www.dogbreedslist.info//all-dog-breeds/swedish-lapphund.html,-,No,-,Prices: $1500 - $2000,Lifespan: 10-13 years,"['Loving', 'Familial', 'Protective', 'Suspicious']"
Tamaskan Dog,https://www.dogbreedslist.info//all-dog-breeds/tamaskan-dog.html,-,No,-,Prices: $1200 - $1700,Lifespan: 14-16 years,"['Brave', 'Sensitive', 'Aggressive', 'Gentle']"
Thai Ridgeback,https://www.dogbreedslist.info//all-dog-breeds/thai-ridgeback.html,-,No,-,Prices: $1600 - $2000,Lifespan: 11-13 years,"['Playful', 'Friendly', 'Powerful', 'Agile']"
Tosa Ken,https://www.dogbreedslist.info//all-dog-breeds/tosa-dog.html,-,No,-,Prices: $1800 - $2200,Lifespan: 10-12 years,"['Active', 'Excellent sight', 'Hearing', 'Smell']"
Alaskan Husky,https://www.dogbreedslist.info//all-dog-breeds/alaskan-husky.html,-,No,-,Prices: $1000 - $1500,Lifespan: 10-15 years,"['Hunting', 'Obedience', 'Courageous', 'Intelligent']"
American Bulldog,https://www.dogbreedslist.info//all-dog-breeds/american-bulldog.html,-,No,-,Prices: $1500 - $3500,Lifespan: 10-12 years,"['Gentle', 'Loveable', 'Spirited', 'Alert']"
Andalusian Hound,https://www.dogbreedslist.info//all-dog-breeds/andalusian-hound.html,-,No,-,Prices: $1500 - $2500,Lifespan: 10-12 years,"['Agile', 'Clever', 'Obedient', 'Stubborn']"
Basset Artesien Normand,https://www.dogbreedslist.info//all-dog-breeds/basset-artesien-normand.html,-,No,-,Prices: $1200 - $1500,Lifespan: 13-15 years,"['Courageous', 'Gentle', 'Loving', 'Protective']"
Mountain Feist,https://www.dogbreedslist.info//all-dog-breeds/mountain-feist.html,-,No,-,Prices: $500 - $800,Lifespan: 10-15 years,"['Friendly', 'Gentle', 'Loving', 'Social']"
Texas Heeler,https://www.dogbreedslist.info//all-dog-breeds/texas-heeler.html,-,No,-,Prices: $400 - $700,Lifespan: 13-15 years,"['Affectionate', 'Even-tempered', 'Friendly', 'Intelligent']"
King Shepherd,https://www.dogbreedslist.info//all-dog-breeds/king-shepherd.html,-,No,-,Prices: $1500 - $2500,Lifespan: 10-13 years,"['Alert', 'Determined', 'Dignified', 'Friendly']"
Double Doodle,https://www.dogbreedslist.info//all-dog-breeds/double-doodle.html,-,-,-,Prices: $1000 - $3500,Lifespan: 12-15 years,"['Affectionate', 'Friendly', 'Gentle', 'Intelligent']"
Russian Tsvetnaya Bolonka,https://www.dogbreedslist.info//all-dog-breeds/russian-tsvetnaya-bolonka.html,-,Yes,-,Prices: $1500 - $2500,Lifespan: 12-16 years,"['Calm', 'Friendly', 'Watchful', 'Confident']"
Maremma Sheepdog,https://www.dogbreedslist.info//all-dog-breeds/maremma-sheepdog.html,-,No,-,Prices: $1500 - $2500,Lifespan: 11-13 years,"['Active', 'Devoted', 'Intelligent', 'Playful']"
Shichon,https://www.dogbreedslist.info//all-dog-breeds/shichon.html,-,Yes,-,Prices: $1500 - $2500,Lifespan: 12-15 years,"['Calm', 'Courageous', 'Gentle', 'Protective']"
Broholmer,https://www.dogbreedslist.info//all-dog-breeds/broholmer.html,-,-,-,Prices: $1500 - $2000,Lifespan: 8-11 years,"['Confident', 'Loyal', 'Fearless', 'Guardian']"
Biewer Terrier,https://www.dogbreedslist.info//all-dog-breeds/biewer-terrier.html,-,Yes,-,Prices: $2500 - $4500,Lifespan: 12-16 years,"['Dignified', 'Affectionate', 'Good-natured', 'Courageous']"
Pyrenean Mastiff,https://www.dogbreedslist.info//all-dog-breeds/pyrenean-mastiff.html,-,No,-,Prices: $1500 - $3000,Lifespan: 10-12 years,"['Friendly', 'Confident', 'Sweet', 'Affectionate']"
Romanian Mioritic Shepherd Dog,https://www.dogbreedslist.info//all-dog-breeds/romanian-mioritic-shepherd-dog.html,-,No,-,Prices: $1400 - $1800,Lifespan: 12-14 years,"['Fun-loving', 'Loyal', 'Brave', 'Intelligent']"
American Mastiff,https://www.dogbreedslist.info//all-dog-breeds/american-mastiff.html,-,No,-,Prices: $1000 - $1500,Lifespan: 10-12 years,"['Independent', 'Obedient', 'Patient', 'Dominant']"
Lucas Terrier,https://www.dogbreedslist.info//all-dog-breeds/lucas-terrier.html,-,-,-,Prices: $2000 - $3500,Lifespan: 14-15 years,"['Reliable', 'Affectionate', 'Alert', 'Independent']"
Lurcher,https://www.dogbreedslist.info//all-dog-breeds/lurcher.html,-,-,-,Prices: $600 - $800,Lifespan: 12-14 years,"['Intelligent', 'Alert', 'Fearless', 'Lively']"
Akbash Dog,https://www.dogbreedslist.info//all-dog-breeds/akbash-dog.html,-,No,-,Prices: $700 - $900,Lifespan: 10-12 years,"['Watchful', 'Stubborn', 'Independent', 'Protective']"
Alano Espanol,https://www.dogbreedslist.info//all-dog-breeds/alano-espanol.html,-,No,-,Prices: $600 - $2000,Lifespan: 11-14 years,"['Trainable', 'Affectionate', 'Friendly', 'Intelligent']"
Mal-Shi,https://www.dogbreedslist.info//all-dog-breeds/mal-shi.html,-,-,-,Prices: $1500 - $2500,Lifespan: 12-15 years,"['Loyal', 'Intelligent', 'Protective', 'Calm']"
Slovensky Cuvac,https://www.dogbreedslist.info//all-dog-breeds/slovensky-cuvac.html,-,-,-,Prices: $1800 - $2500,Lifespan: 11-13 years,"['Intelligent', 'Independent', 'Friendly', 'Loving']"
Moscow Watchdog,https://www.dogbreedslist.info//all-dog-breeds/moscow-watchdog.html,-,-,-,Prices: $2000 - $2500,Lifespan: 9-11 years,"['Loyal', 'Social', 'Affectionate', 'Calm']"
Stabyhoun,https://www.dogbreedslist.info//all-dog-breeds/stabyhoun.html,-,-,-,Prices: $2000 - $3200,Lifespan: 13-14 years,"['Quiet', 'Gentle', 'Playful', 'Obedient']"
Mountain Cur,https://www.dogbreedslist.info//all-dog-breeds/mountain-cur.html,-,No,-,Prices: $500 - $1000,Lifespan: 12-16 years,"['Forgiving', 'Quiet', 'Independent', 'Dominant']"
Polish Tatra Sheepdog,https://www.dogbreedslist.info//all-dog-breeds/polish-tatra-sheepdog.html,-,No,-,Prices: $1200 - $2000,Lifespan: 10-12 years,"['Passionate', 'Courageous', 'Devoted', 'Courageous']"
Puggle,https://www.dogbreedslist.info//all-dog-breeds/puggle.html,-,-,-,Prices: $1000 - $2000,Lifespan: 10-15 years,"['Calm', 'Loyal', 'Keen', 'Adaptable']"
Spanish Greyhound,https://www.dogbreedslist.info//all-dog-breeds/spanish-greyhound.html,-,-,-,Prices: $800 - $1500,Lifespan: 12-15 years,"['Eager', 'Self-assured', 'Reserved', 'Confident']"
Kyi-Leo,https://www.dogbreedslist.info//all-dog-breeds/kyi-leo.html,-,Yes,-,Prices: $800 - $1200,Lifespan: 12-15 years,"['Brave', 'Light', 'Elegant', 'Strongly']"
Briquet Griffon Vendeen,https://www.dogbreedslist.info//all-dog-breeds/briquet-griffon-vendeen.html,-,No,-,Prices: $1000 - $1200,Lifespan: 10-12 years,"['Loyal', 'Even Tempered', 'Fearless', 'Independent']"
Bukovina Sheepdog,https://www.dogbreedslist.info//all-dog-breeds/bukovina-sheepdog.html,-,No,-,Prices: $1000 - $1500,Lifespan: 10-14 years,"['Boisterous', 'Energetic', 'Loyal', 'Independent']"
Cesky Fousek,https://www.dogbreedslist.info//all-dog-breeds/cesky-fousek.html,-,-,-,Prices: $800 - $1500,Lifespan: 12-15 years,"['Boisterous', 'Loyal', 'Friendly', 'Swift']"
Chart Polski,https://www.dogbreedslist.info//all-dog-breeds/chart-polski.html,-,No,-,Prices: $800 - $1200,Lifespan: 10-12 years,"['Active', 'Vigilant', 'Cheerful', 'Docile']"
Deutsche Bracke,https://www.dogbreedslist.info//all-dog-breeds/deutsche-bracke.html,-,No,-,Prices: $800 - $1200,Lifespan: 10-12 years,"['Vocal', 'Calm', 'Energetic', 'Active']"
East Siberian Laika,https://www.dogbreedslist.info//all-dog-breeds/east-siberian-laika.html,-,No,-,Prices: $1000 - $2000,Lifespan: 12-15 years,"['Intelligent', 'Stubborn', 'Even Tempered', 'Self-Controlled']"
Greenland Dog,https://www.dogbreedslist.info//all-dog-breeds/greenland-dog.html,-,No,-,Prices: $1000 - $2000,Lifespan: 12-14 years,"['Calm', 'Affectionate', 'Devoted', 'Loyal']"
Griffon bleu de Gascogne,https://www.dogbreedslist.info//all-dog-breeds/griffon-bleu-de-gascogne.html,-,No,-,Prices: $1000 - $1500,Lifespan: 12-15 years,"['Calm', 'Affectionate', 'Good natured', 'Loyal']"
Japanese Terrier,https://www.dogbreedslist.info//all-dog-breeds/japanese-terrier.html,-,No,-,Prices: $600 - $800,Lifespan: 12-15 years,"['Playful', 'Cheerful', 'Energetic', 'Friendly']"
Lapponian Herder,https://www.dogbreedslist.info//all-dog-breeds/lapponian-herder.html,-,No,-,Prices: $1000 - $2000,Lifespan: 10-12 years,"['Lively', 'Cheerful', 'Independent', 'Loyal']"
Grand Bleu de Gascogne,https://www.dogbreedslist.info//all-dog-breeds/grand-bleu-de-gascogne.html,-,-,-,Prices: $1000 - $1500,Lifespan: 12-14 years,"['Social', 'Cheerful', 'lively', 'loving']"
Pudelpointer,https://www.dogbreedslist.info//all-dog-breeds/pudelpointer.html,-,No,-,Prices: $1200 - $1500,Lifespan: 9-11 years,"['loyal', 'Loving', 'Loyal', 'Out-Going']"
Rajapalayam dog,https://www.dogbreedslist.info//all-dog-breeds/rajapalyam-dog.html,-,-,-,Prices: $300 - $500,Lifespan: 10-12 years,"['Cheerful', 'Gentle', 'Loving', 'Playful']"
Beagle-Harrier,https://www.dogbreedslist.info//all-dog-breeds/beagle-harrier.html,-,No,-,Prices: $1500 - $2500,Lifespan: 12-14 years,"['Quick', 'Docile', 'Energetic', 'Trainable']"
Beaglier,https://www.dogbreedslist.info//all-dog-breeds/beaglier.html,-,No,-,Prices: $1200 - $2000,Lifespan: 13-15 years,"['Sociable', 'Trainable', 'Hard-working', 'Enterprising']"
Cairmal,https://www.dogbreedslist.info//all-dog-breeds/cairmal.html,-,-,-,Prices: $500 - $800,Lifespan: 12-15 years,"['Agile', 'Courageous', 'Loyal', 'Quiet']"
Majestic Tree Hound,https://www.dogbreedslist.info//all-dog-breeds/majestic-tree-hound.html,-,No,-,Prices: $600 - $800,Lifespan: 10-13 years,"['Adaptable', 'Playful', 'Curious', 'Obstinate']"
Chorkie,https://www.dogbreedslist.info//all-dog-breeds/chorkie.html,-,-,-,Prices: $700 - $1200,Lifespan: 12-14 years,"['Courageous', 'Loyal', 'Graceful', 'Elegant']"
Cockalier,https://www.dogbreedslist.info//all-dog-breeds/cockalier.html,-,No,-,Prices: $1800 - $3500,Lifespan: 12-15 years,"['Intelligent', 'Alert', 'Lively', 'Aloof']"
Dorkie,https://www.dogbreedslist.info//all-dog-breeds/dorkie.html,-,-,-,Prices: $600 - $800,Lifespan: 13-15 years,"['Agile', 'Loyal', 'Cooperative', 'Affectionate']"
Ariege Pointer,https://www.dogbreedslist.info//all-dog-breeds/ariege-pointer.html,-,No,-,Prices: $600 - $800,Lifespan: 10-13 years,"['Lively', 'Active', 'Passionate', 'Independent']"
Ariegeois,https://www.dogbreedslist.info//all-dog-breeds/ariegeois.html,-,-,-,Prices: $1000 - $1200,Lifespan: 10-12 years,"['Friendly', 'Energetic', 'Gentle', 'Dependable']"
Bavarian Mountain Hound,https://www.dogbreedslist.info//all-dog-breeds/bavarian-mountain-hound.html,-,No,-,Prices: $1000 - $1500,Lifespan: 10-12 years,"['Familial', 'Calm', 'Alert', 'Friendly']"
Bouvier des Ardennes,https://www.dogbreedslist.info//all-dog-breeds/bouvier-de-ardennes.html,-,-,-,Prices: $1500 - $3000,Lifespan: 12-14 years,"['Self-Confident', 'Fearless', 'Lively', 'Submissive']"
Caravan Hound,https://www.dogbreedslist.info//all-dog-breeds/caravan-hound.html,-,No,-,Prices: Unknown,Lifespan: 10-15 years,"['Calm', 'Affectionate', 'Protective', 'Sober']"
Danish-Swedish Farmdog,https://www.dogbreedslist.info//all-dog-breeds/danish-swedish-farmdog.html,-,No,-,Prices: Unknown,Lifespan: 10-15 years,"['Self-Confident', 'Calm', 'Trainable', 'Inquisitive']"
Dingo,https://www.dogbreedslist.info//all-dog-breeds/dingo.html,-,No,-,Prices: Unknown,Lifespan: 16-20 years,"['Cooperative', 'Primitive', 'Active', 'Lively']"
Dutch Smoushond,https://www.dogbreedslist.info//all-dog-breeds/dutch-smoushond.html,-,No,-,Prices: Unknown,Lifespan: 12-15 years,"['Balanced', 'Nervous', 'Steady', 'Vigilant']"
Finnish Hound,https://www.dogbreedslist.info//all-dog-breeds/finnish-hound.html,-,No,-,Prices: Unknown,Lifespan: 10-12 years,"['Peaceful', 'Persistent', 'Brave', 'Courageous']"
Northern Inuit Dog,https://www.dogbreedslist.info//all-dog-breeds/northern-inuit-dog.html,-,-,-,Prices: Unknown,Lifespan: 12-14 years,"['Independent', 'Territorial', 'Aggressive', 'Protective']"
Plummer Terrier,https://www.dogbreedslist.info//all-dog-breeds/plummer-terrier.html,-,-,-,Prices: Unknown,Lifespan: 12-15 years,"['Lively', 'Reserved', 'Stubborn', 'Quiet']"
Portuguese Pointer,https://www.dogbreedslist.info//all-dog-breeds/portuguese-pointer.html,-,No,-,Prices: Unknown,Lifespan: 12-14 years,"['Independent', 'Kind', 'Tempered', 'Active']"
Rafeiro do Alentejo,https://www.dogbreedslist.info//all-dog-breeds/rafeiro-do-alentejo.html,-,No,-,Prices: Unknown,Lifespan: 10-12 years,"['Affectionate', 'Loyal', 'Playful', 'Friendly']"
Seppala Siberian Sleddog,https://www.dogbreedslist.info//all-dog-breeds/seppala-siberian-sleddog.html,-,-,-,Prices: Unknown,Lifespan: 12-16 years,"['Independent', 'Watchful', 'Trainable', 'Territorial']"
South Russian Ovcharka,https://www.dogbreedslist.info//all-dog-breeds/south-russian-ovcharka.html,-,No,-,Prices: Unknown,Lifespan: 9-11 years,"['Agile', 'Alert', 'Energetic', 'Sensitive']"
Tornjak,https://www.dogbreedslist.info//all-dog-breeds/tornjak.html,-,-,-,Prices: Unknown,Lifespan: 10-12 years,"['Affectionate', 'Courageous', 'Calm', 'Tenacious']"
Karst Shepherd,https://www.dogbreedslist.info//all-dog-breeds/karst-shepherd.html,-,-,-,Prices: Unknown,Lifespan: 11-12 years,"['Intelligent', 'Lively', 'Obedient', 'Sweet-Tempered']"
West Siberian Laika,https://www.dogbreedslist.info//all-dog-breeds/west-siberian-laika.html,-,No,-,Prices: Unknown,Lifespan: 14-16 years,"['Companionable', 'Fearless', 'Alert', 'Self-assured']"
Wetterhoun,https://www.dogbreedslist.info//all-dog-breeds/wetterhoun.html,-,No,-,Prices: Unknown,Lifespan: 12-14 years,"['Even Tempered', 'Keen', 'Friendly', 'Energetic']"
Bull Arab,https://www.dogbreedslist.info//all-dog-breeds/bull-arab.html,-,No,-,Prices: Unknown,Lifespan: 12-15 years,"['Calm', 'Free-spirited', 'Even Tempered', 'Active']"
Taco Terrier,https://www.dogbreedslist.info//all-dog-breeds/taco-terrier.html,-,-,-,Prices: Unknown,Lifespan: 13-15 years,"['Trainable', 'Brave', 'Stable', 'Courageous']"
Africanis,https://www.dogbreedslist.info//all-dog-breeds/africanis.html,-,-,-,Prices: Unknown,Lifespan: 10-12 years,"['Gentle', 'Courageous', 'Devoted', 'Patient']"
Aidi,https://www.dogbreedslist.info//all-dog-breeds/aidi.html,-,-,-,Prices: Unknown,Lifespan: 10-12 years,"['Energetic', 'Loyal', 'Independent', 'Active']"
American Staghound,https://www.dogbreedslist.info//all-dog-breeds/american-staghound.html,-,-,-,Prices: Unknown,Lifespan: 10-12 years,"['Calm', 'Lively', 'Affectionate', 'Gentle']"
CÃ£o da Serra de Aires,https://www.dogbreedslist.info//all-dog-breeds/cao-da-serra-de-aires.html,-,No,-,Prices: Unknown,Lifespan: 12-14 years,"['Alert', 'Independent', 'Proud', 'Lively']"
Drentse Patrijshond,https://www.dogbreedslist.info//all-dog-breeds/drentse-patrijshond.html,-,No,-,Prices: Unknown,Lifespan: 12-14 years,"['Energetic', 'Free-spirited', 'Energetic', 'Agile']"
Drever,https://www.dogbreedslist.info//all-dog-breeds/drever.html,-,No,-,Prices: Unknown,Lifespan: 12-14 years,"['Calm', 'Kind', 'Good-natured', 'Obedient']"
Dunker,https://www.dogbreedslist.info//all-dog-breeds/dunker.html,-,No,-,Prices: Unknown,Lifespan: 10-12 years,"['Tenacious', 'Devoted', 'Watchful', 'Agile']"
Francais Blanc et Noir,https://www.dogbreedslist.info//all-dog-breeds/francais-blanc-et-noir.html,-,No,-,Prices: Unknown,Lifespan: 10-12 years,"['Protective', 'Courageous', 'Protective', 'Good-natured']"
Polish Hunting Dog,https://www.dogbreedslist.info//all-dog-breeds/polish-hunting-dog.html,-,No,-,Prices: Unknown,Lifespan: 10-13 years,"['Loyal', 'Obedient', 'Lively', 'Alert']"
Hamilton Hound,https://www.dogbreedslist.info//all-dog-breeds/hamilton-hound.html,-,No,-,Prices: Unknown,Lifespan: 11-13 years,"['Attentive', 'Independent', 'Devoted', 'Robust']"
JÃ¤mthund,https://www.dogbreedslist.info//all-dog-breeds/jamthund.html,-,-,-,Prices: Unknown,Lifespan: 11-14 years,"['Energetic', 'Gentle', 'Loving', 'Loyal']"
New Guinea Singing Dog,https://www.dogbreedslist.info//all-dog-breeds/new-guinea-singing-dog.html,-,No,-,Prices: Unknown,Lifespan: 16-19 years,"['Cheerful', 'Energetic', 'Loving', 'Playful']"
Sapsali,https://www.dogbreedslist.info//all-dog-breeds/sapsali.html,-,-,-,Prices: Unknown,Lifespan: 11-13 years,"['Courageous', 'Energetic', 'Loving', 'Loyal']"
Smaland Hound,https://www.dogbreedslist.info//all-dog-breeds/smaland-hound.html,-,No,-,Prices: Unknown,Lifespan: 12-14 years,[]
Serbian Hound,https://www.dogbreedslist.info//all-dog-breeds/serbian-hound.html,-,-,-,Prices: Unknown,Lifespan: 12-14 years,
Thai Bangkaew Dog,https://www.dogbreedslist.info//all-dog-breeds/thai-bangkaew-dog.html,-,-,-,Prices: Unknown,Lifespan: 10-12 years,
Transylvanian Hound,https://www.dogbreedslist.info//all-dog-breeds/transylvanian-hound.html,-,No,-,Prices: Unknown,Lifespan: 10-12 years,
Alopekis,https://www.dogbreedslist.info//all-dog-breeds/alopekis.html,-,No,-,Prices: Unknown,Lifespan: 14-16 years,
Chippiparai,https://www.dogbreedslist.info//all-dog-breeds/chippiparai.html,-,No,-,Prices: Unknown,Lifespan: 12-15 years,
Chizer,https://www.dogbreedslist.info//all-dog-breeds/chizer.html,-,-,-,Prices: Unknown,Lifespan: 12-15 years,
Cotonese,https://www.dogbreedslist.info//all-dog-breeds/cotonese.html,-,No,-,Prices: Unknown,Lifespan: 13-15 years,
Dorgi,https://www.dogbreedslist.info//all-dog-breeds/dorgi.html,-,-,-,Prices: Unknown,Lifespan: 12-14 years,
